train,val
20210506_9.jpg,20210506_30.jpg
20210506_95.jpg,20210506_125.jpg
20210506_107.jpg,20210506_411.jpg
20210506_108.jpg,20210506_523.jpg
20210506_213.jpg,20210506_1038.jpg
20210506_231.jpg,20210506_1220.jpg
20210506_256.jpg,20210506_1233.jpg
20210506_269.jpg,20210506_1284.jpg
20210506_282.jpg,20210506_1294.jpg
20210506_286.jpg,20210506_1540.jpg
20210506_383.jpg,20200506_95.jpg
20210506_415.jpg,20200506_211.jpg
20210506_435.jpg,20200506_221.jpg
20210506_462.jpg,20200506_363.jpg
20210506_480.jpg,20200506_511.jpg
20210506_554.jpg,20200506_514.jpg
20210506_557.jpg,20200506_578.jpg
20210506_568.jpg,20200506_584.jpg
20210506_569.jpg,20200506_946.jpg
20210506_589.jpg,20200506_976.jpg
20210506_667.jpg,20200506_1175.jpg
20210506_670.jpg,20200506_1313.jpg
20210506_671.jpg,20200506_1460.jpg
20210506_706.jpg,20200506_1582.jpg
20210506_717.jpg,20200506_1611.jpg
20210506_747.jpg,20200506_1651.jpg
20210506_802.jpg,20210506_122.jpg
20210506_850.jpg,20210506_299.jpg
20210506_865.jpg,20210506_341.jpg
20210506_876.jpg,20210506_754.jpg
20210506_927.jpg,20210506_840.jpg
20210506_936.jpg,20210506_895.jpg
20210506_1024.jpg,20210506_960.jpg
20210506_1029.jpg,20210506_1039.jpg
20210506_1042.jpg,20210506_1357.jpg
20210506_1206.jpg,20210506_1479.jpg
20210506_1246.jpg,20200506_69.jpg
20210506_1379.jpg,20200506_86.jpg
20210506_1426.jpg,20200506_141.jpg
20210506_1460.jpg,20200506_261.jpg
20210506_1461.jpg,20200506_314.jpg
20210506_1475.jpg,20200506_320.jpg
20210506_1507.jpg,20200506_614.jpg
20210506_1570.jpg,20200506_668.jpg
20210506_1576.jpg,20200506_770.jpg
20210506_1601.jpg,20200506_846.jpg
20210506_1617.jpg,20200506_875.jpg
20210506_1703.jpg,20200506_1530.jpg
20210506_1718.jpg,20200506_1570.jpg
20210506_1742.jpg,20200506_1664.jpg
20210506_1743.jpg,20210506_128.jpg
20210506_1771.jpg,20210506_218.jpg
20210506_1773.jpg,20210506_278.jpg
20210506_1798.jpg,20210506_330.jpg
20200506_7.jpg,20210506_442.jpg
20200506_41.jpg,20210506_845.jpg
20200506_55.jpg,20210506_869.jpg
20200506_61.jpg,20210506_1000.jpg
20200506_130.jpg,20210506_1067.jpg
20200506_205.jpg,20210506_1154.jpg
20200506_215.jpg,20210506_1185.jpg
20200506_291.jpg,20210506_1244.jpg
20200506_309.jpg,20210506_1265.jpg
20200506_357.jpg,20210506_1701.jpg
20200506_358.jpg,20200506_38.jpg
20200506_370.jpg,20200506_117.jpg
20200506_479.jpg,20200506_440.jpg
20200506_563.jpg,20200506_502.jpg
20200506_603.jpg,20200506_547.jpg
20200506_616.jpg,20200506_567.jpg
20200506_619.jpg,20200506_762.jpg
20200506_643.jpg,20200506_962.jpg
20200506_649.jpg,20200506_966.jpg
20200506_686.jpg,20200506_1387.jpg
20200506_694.jpg,20200506_1542.jpg
20200506_741.jpg,20200506_1558.jpg
20200506_744.jpg,20210506_67.jpg
20200506_810.jpg,20210506_186.jpg
20200506_886.jpg,20210506_208.jpg
20200506_952.jpg,20210506_236.jpg
20200506_1063.jpg,20210506_287.jpg
20200506_1089.jpg,20210506_436.jpg
20200506_1099.jpg,20210506_617.jpg
20200506_1115.jpg,20210506_618.jpg
20200506_1237.jpg,20210506_641.jpg
20200506_1241.jpg,20210506_792.jpg
20200506_1270.jpg,20210506_1063.jpg
20200506_1285.jpg,20210506_1251.jpg
20200506_1337.jpg,20210506_1471.jpg
20200506_1345.jpg,20210506_1488.jpg
20200506_1382.jpg,20210506_1612.jpg
20200506_1394.jpg,20210506_1788.jpg
20200506_1450.jpg,20200506_51.jpg
20200506_1452.jpg,20200506_58.jpg
20200506_1477.jpg,20200506_174.jpg
20200506_1540.jpg,20200506_186.jpg
20200506_1605.jpg,20200506_208.jpg
20200506_1610.jpg,20200506_833.jpg
20200506_1646.jpg,20200506_911.jpg
20200506_1714.jpg,20200506_1181.jpg
20200506_1754.jpg,20200506_1338.jpg
20200506_1797.jpg,20200506_1702.jpg
20210506_43.jpg,20210506_152.jpg
20210506_46.jpg,20210506_176.jpg
20210506_56.jpg,20210506_215.jpg
20210506_66.jpg,20210506_266.jpg
20210506_87.jpg,20210506_469.jpg
20210506_104.jpg,20210506_631.jpg
20210506_184.jpg,20210506_633.jpg
20210506_195.jpg,20210506_693.jpg
20210506_253.jpg,20210506_764.jpg
20210506_281.jpg,20210506_1303.jpg
20210506_292.jpg,20210506_1396.jpg
20210506_318.jpg,20210506_1549.jpg
20210506_320.jpg,20210506_1596.jpg
20210506_424.jpg,20210506_1697.jpg
20210506_429.jpg,20210506_1738.jpg
20210506_483.jpg,20210506_1754.jpg
20210506_488.jpg,20200506_244.jpg
20210506_707.jpg,20200506_355.jpg
20210506_734.jpg,20200506_356.jpg
20210506_753.jpg,20200506_495.jpg
20210506_773.jpg,20200506_617.jpg
20210506_779.jpg,20200506_695.jpg
20210506_781.jpg,20200506_1144.jpg
20210506_782.jpg,20200506_1261.jpg
20210506_799.jpg,20200506_1395.jpg
20210506_828.jpg,20200506_1422.jpg
20210506_859.jpg,20210506_25.jpg
20210506_893.jpg,20210506_48.jpg
20210506_922.jpg,20210506_142.jpg
20210506_931.jpg,20210506_243.jpg
20210506_970.jpg,20210506_302.jpg
20210506_986.jpg,20210506_327.jpg
20210506_1086.jpg,20210506_375.jpg
20210506_1144.jpg,20210506_610.jpg
20210506_1158.jpg,20210506_615.jpg
20210506_1240.jpg,20210506_932.jpg
20210506_1274.jpg,20210506_985.jpg
20210506_1311.jpg,20210506_1078.jpg
20210506_1354.jpg,20210506_1269.jpg
20210506_1367.jpg,20210506_1438.jpg
20210506_1385.jpg,20210506_1442.jpg
20210506_1434.jpg,20210506_1537.jpg
20210506_1532.jpg,20200506_276.jpg
20210506_1572.jpg,20200506_337.jpg
20210506_1579.jpg,20200506_663.jpg
20210506_1630.jpg,20200506_1189.jpg
20210506_1656.jpg,20200506_1195.jpg
20210506_1672.jpg,20200506_1206.jpg
20210506_1781.jpg,20200506_1224.jpg
20210506_1796.jpg,20200506_1464.jpg
20200506_70.jpg,20200506_1470.jpg
20200506_90.jpg,20200506_1486.jpg
20200506_106.jpg,20210506_75.jpg
20200506_124.jpg,20210506_276.jpg
20200506_132.jpg,20210506_311.jpg
20200506_173.jpg,20210506_501.jpg
20200506_203.jpg,20210506_505.jpg
20200506_274.jpg,20210506_625.jpg
20200506_298.jpg,20210506_914.jpg
20200506_376.jpg,20210506_930.jpg
20200506_426.jpg,20210506_937.jpg
20200506_513.jpg,20210506_1096.jpg
20200506_587.jpg,20210506_1133.jpg
20200506_621.jpg,20210506_1364.jpg
20200506_659.jpg,20210506_1713.jpg
20200506_697.jpg,20200506_40.jpg
20200506_752.jpg,20200506_478.jpg
20200506_755.jpg,20200506_494.jpg
20200506_806.jpg,20200506_650.jpg
20200506_852.jpg,20200506_708.jpg
20200506_853.jpg,20200506_1019.jpg
20200506_855.jpg,20200506_1092.jpg
20200506_906.jpg,20200506_1179.jpg
20200506_1009.jpg,20200506_1209.jpg
20200506_1014.jpg,20200506_1432.jpg
20200506_1016.jpg,20200506_1455.jpg
20200506_1039.jpg,20200506_1500.jpg
20200506_1140.jpg,20200506_1764.jpg
20200506_1152.jpg,
20200506_1218.jpg,
20200506_1226.jpg,
20200506_1236.jpg,
20200506_1252.jpg,
20200506_1284.jpg,
20200506_1296.jpg,
20200506_1297.jpg,
20200506_1309.jpg,
20200506_1372.jpg,
20200506_1441.jpg,
20200506_1454.jpg,
20200506_1474.jpg,
20200506_1476.jpg,
20200506_1480.jpg,
20200506_1563.jpg,
20200506_1639.jpg,
20200506_1737.jpg,
20210506_47.jpg,
20210506_153.jpg,
20210506_162.jpg,
20210506_247.jpg,
20210506_280.jpg,
20210506_331.jpg,
20210506_344.jpg,
20210506_363.jpg,
20210506_379.jpg,
20210506_403.jpg,
20210506_463.jpg,
20210506_492.jpg,
20210506_510.jpg,
20210506_514.jpg,
20210506_576.jpg,
20210506_586.jpg,
20210506_607.jpg,
20210506_622.jpg,
20210506_635.jpg,
20210506_665.jpg,
20210506_677.jpg,
20210506_735.jpg,
20210506_787.jpg,
20210506_827.jpg,
20210506_858.jpg,
20210506_918.jpg,
20210506_1003.jpg,
20210506_1008.jpg,
20210506_1044.jpg,
20210506_1051.jpg,
20210506_1052.jpg,
20210506_1118.jpg,
20210506_1120.jpg,
20210506_1167.jpg,
20210506_1192.jpg,
20210506_1239.jpg,
20210506_1262.jpg,
20210506_1299.jpg,
20210506_1322.jpg,
20210506_1344.jpg,
20210506_1362.jpg,
20210506_1366.jpg,
20210506_1400.jpg,
20210506_1543.jpg,
20210506_1594.jpg,
20210506_1643.jpg,
20210506_1685.jpg,
20210506_1717.jpg,
20210506_1776.jpg,
20210506_1786.jpg,
20200506_22.jpg,
20200506_122.jpg,
20200506_142.jpg,
20200506_196.jpg,
20200506_245.jpg,
20200506_310.jpg,
20200506_312.jpg,
20200506_339.jpg,
20200506_341.jpg,
20200506_361.jpg,
20200506_433.jpg,
20200506_558.jpg,
20200506_571.jpg,
20200506_622.jpg,
20200506_627.jpg,
20200506_652.jpg,
20200506_691.jpg,
20200506_700.jpg,
20200506_725.jpg,
20200506_760.jpg,
20200506_777.jpg,
20200506_815.jpg,
20200506_825.jpg,
20200506_843.jpg,
20200506_868.jpg,
20200506_900.jpg,
20200506_943.jpg,
20200506_959.jpg,
20200506_971.jpg,
20200506_977.jpg,
20200506_989.jpg,
20200506_998.jpg,
20200506_1003.jpg,
20200506_1051.jpg,
20200506_1126.jpg,
20200506_1211.jpg,
20200506_1240.jpg,
20200506_1244.jpg,
20200506_1245.jpg,
20200506_1275.jpg,
20200506_1301.jpg,
20200506_1358.jpg,
20200506_1439.jpg,
20200506_1463.jpg,
20200506_1496.jpg,
20200506_1512.jpg,
20200506_1539.jpg,
20200506_1595.jpg,
20200506_1616.jpg,
20200506_1621.jpg,
20200506_1726.jpg,
20200506_1755.jpg,
20210506_42.jpg,
20210506_49.jpg,
20210506_57.jpg,
20210506_80.jpg,
20210506_163.jpg,
20210506_178.jpg,
20210506_235.jpg,
20210506_277.jpg,
20210506_348.jpg,
20210506_399.jpg,
20210506_485.jpg,
20210506_541.jpg,
20210506_571.jpg,
20210506_590.jpg,
20210506_595.jpg,
20210506_602.jpg,
20210506_657.jpg,
20210506_692.jpg,
20210506_712.jpg,
20210506_738.jpg,
20210506_793.jpg,
20210506_853.jpg,
20210506_907.jpg,
20210506_981.jpg,
20210506_993.jpg,
20210506_1059.jpg,
20210506_1065.jpg,
20210506_1074.jpg,
20210506_1111.jpg,
20210506_1129.jpg,
20210506_1152.jpg,
20210506_1186.jpg,
20210506_1211.jpg,
20210506_1235.jpg,
20210506_1318.jpg,
20210506_1324.jpg,
20210506_1387.jpg,
20210506_1526.jpg,
20210506_1542.jpg,
20210506_1629.jpg,
20210506_1646.jpg,
20210506_1651.jpg,
20210506_1674.jpg,
20210506_1676.jpg,
20210506_1758.jpg,
20210506_1784.jpg,
20210506_1791.jpg,
20210506_1794.jpg,
20200506_103.jpg,
20200506_121.jpg,
20200506_157.jpg,
20200506_162.jpg,
20200506_185.jpg,
20200506_204.jpg,
20200506_253.jpg,
20200506_315.jpg,
20200506_321.jpg,
20200506_391.jpg,
20200506_396.jpg,
20200506_418.jpg,
20200506_431.jpg,
20200506_450.jpg,
20200506_485.jpg,
20200506_489.jpg,
20200506_510.jpg,
20200506_527.jpg,
20200506_537.jpg,
20200506_553.jpg,
20200506_559.jpg,
20200506_585.jpg,
20200506_594.jpg,
20200506_605.jpg,
20200506_629.jpg,
20200506_670.jpg,
20200506_704.jpg,
20200506_705.jpg,
20200506_707.jpg,
20200506_709.jpg,
20200506_747.jpg,
20200506_828.jpg,
20200506_858.jpg,
20200506_870.jpg,
20200506_963.jpg,
20200506_967.jpg,
20200506_1113.jpg,
20200506_1150.jpg,
20200506_1188.jpg,
20200506_1253.jpg,
20200506_1282.jpg,
20200506_1402.jpg,
20200506_1447.jpg,
20200506_1466.jpg,
20200506_1467.jpg,
20200506_1473.jpg,
20200506_1513.jpg,
20200506_1591.jpg,
20200506_1658.jpg,
20200506_1679.jpg,
20200506_1705.jpg,
20200506_1706.jpg,
20200506_1735.jpg,
20200506_1773.jpg,
20210506_40.jpg,
20210506_51.jpg,
20210506_55.jpg,
20210506_116.jpg,
20210506_146.jpg,
20210506_158.jpg,
20210506_198.jpg,
20210506_288.jpg,
20210506_294.jpg,
20210506_310.jpg,
20210506_317.jpg,
20210506_343.jpg,
20210506_359.jpg,
20210506_389.jpg,
20210506_413.jpg,
20210506_478.jpg,
20210506_481.jpg,
20210506_518.jpg,
20210506_525.jpg,
20210506_551.jpg,
20210506_555.jpg,
20210506_605.jpg,
20210506_623.jpg,
20210506_646.jpg,
20210506_649.jpg,
20210506_681.jpg,
20210506_687.jpg,
20210506_832.jpg,
20210506_842.jpg,
20210506_855.jpg,
20210506_866.jpg,
20210506_879.jpg,
20210506_990.jpg,
20210506_1041.jpg,
20210506_1099.jpg,
20210506_1216.jpg,
20210506_1243.jpg,
20210506_1264.jpg,
20210506_1301.jpg,
20210506_1317.jpg,
20210506_1372.jpg,
20210506_1502.jpg,
20210506_1504.jpg,
20210506_1669.jpg,
20210506_1687.jpg,
20210506_1705.jpg,
20210506_1767.jpg,
20210506_1780.jpg,
20200506_1.jpg,
20200506_8.jpg,
20200506_32.jpg,
20200506_180.jpg,
20200506_214.jpg,
20200506_228.jpg,
20200506_275.jpg,
20200506_344.jpg,
20200506_506.jpg,
20200506_516.jpg,
20200506_538.jpg,
20200506_560.jpg,
20200506_564.jpg,
20200506_579.jpg,
20200506_596.jpg,
20200506_606.jpg,
20200506_623.jpg,
20200506_696.jpg,
20200506_751.jpg,
20200506_761.jpg,
20200506_830.jpg,
20200506_883.jpg,
20200506_887.jpg,
20200506_922.jpg,
20200506_924.jpg,
20200506_948.jpg,
20200506_965.jpg,
20200506_1010.jpg,
20200506_1042.jpg,
20200506_1046.jpg,
20200506_1059.jpg,
20200506_1105.jpg,
20200506_1112.jpg,
20200506_1131.jpg,
20200506_1147.jpg,
20200506_1225.jpg,
20200506_1239.jpg,
20200506_1324.jpg,
20200506_1364.jpg,
20200506_1499.jpg,
20200506_1524.jpg,
20200506_1545.jpg,
20200506_1551.jpg,
20200506_1555.jpg,
20200506_1600.jpg,
20200506_1609.jpg,
20200506_1628.jpg,
20200506_1632.jpg,
20200506_1684.jpg,
20200506_1692.jpg,
20200506_1697.jpg,
20200506_1748.jpg,
20200506_1762.jpg,
20200506_1788.jpg,
20210506_34.jpg,
20210506_63.jpg,
20210506_64.jpg,
20210506_232.jpg,
20210506_285.jpg,
20210506_295.jpg,
20210506_307.jpg,
20210506_382.jpg,
20210506_434.jpg,
20210506_443.jpg,
20210506_474.jpg,
20210506_570.jpg,
20210506_609.jpg,
20210506_614.jpg,
20210506_620.jpg,
20210506_694.jpg,
20210506_784.jpg,
20210506_786.jpg,
20210506_836.jpg,
20210506_873.jpg,
20210506_903.jpg,
20210506_957.jpg,
20210506_969.jpg,
20210506_1022.jpg,
20210506_1100.jpg,
20210506_1183.jpg,
20210506_1196.jpg,
20210506_1249.jpg,
20210506_1254.jpg,
20210506_1271.jpg,
20210506_1309.jpg,
20210506_1327.jpg,
20210506_1359.jpg,
20210506_1392.jpg,
20210506_1393.jpg,
20210506_1417.jpg,
20210506_1427.jpg,
20210506_1443.jpg,
20210506_1467.jpg,
20210506_1469.jpg,
20210506_1478.jpg,
20210506_1521.jpg,
20210506_1606.jpg,
20210506_1673.jpg,
20210506_1723.jpg,
20210506_1752.jpg,
20210506_1762.jpg,
20210506_1775.jpg,
20200506_25.jpg,
20200506_46.jpg,
20200506_65.jpg,
20200506_155.jpg,
20200506_164.jpg,
20200506_168.jpg,
20200506_239.jpg,
20200506_395.jpg,
20200506_399.jpg,
20200506_402.jpg,
20200506_424.jpg,
20200506_444.jpg,
20200506_487.jpg,
20200506_500.jpg,
20200506_546.jpg,
20200506_620.jpg,
20200506_633.jpg,
20200506_727.jpg,
20200506_776.jpg,
20200506_782.jpg,
20200506_791.jpg,
20200506_860.jpg,
20200506_861.jpg,
20200506_876.jpg,
20200506_879.jpg,
20200506_939.jpg,
20200506_949.jpg,
20200506_954.jpg,
20200506_956.jpg,
20200506_974.jpg,
20200506_994.jpg,
20200506_1004.jpg,
20200506_1018.jpg,
20200506_1070.jpg,
20200506_1078.jpg,
20200506_1095.jpg,
20200506_1111.jpg,
20200506_1133.jpg,
20200506_1138.jpg,
20200506_1153.jpg,
20200506_1222.jpg,
20200506_1258.jpg,
20200506_1263.jpg,
20200506_1308.jpg,
20200506_1315.jpg,
20200506_1355.jpg,
20200506_1396.jpg,
20200506_1417.jpg,
20200506_1451.jpg,
20200506_1571.jpg,
20200506_1574.jpg,
20200506_1693.jpg,
20200506_1739.jpg,
20200506_1790.jpg,
20210506_20.jpg,
20210506_26.jpg,
20210506_65.jpg,
20210506_92.jpg,
20210506_126.jpg,
20210506_166.jpg,
20210506_200.jpg,
20210506_347.jpg,
20210506_357.jpg,
20210506_386.jpg,
20210506_388.jpg,
20210506_468.jpg,
20210506_486.jpg,
20210506_494.jpg,
20210506_531.jpg,
20210506_619.jpg,
20210506_624.jpg,
20210506_629.jpg,
20210506_636.jpg,
20210506_654.jpg,
20210506_696.jpg,
20210506_716.jpg,
20210506_831.jpg,
20210506_839.jpg,
20210506_868.jpg,
20210506_878.jpg,
20210506_1007.jpg,
20210506_1077.jpg,
20210506_1143.jpg,
20210506_1150.jpg,
20210506_1241.jpg,
20210506_1282.jpg,
20210506_1285.jpg,
20210506_1286.jpg,
20210506_1290.jpg,
20210506_1293.jpg,
20210506_1310.jpg,
20210506_1315.jpg,
20210506_1363.jpg,
20210506_1365.jpg,
20210506_1371.jpg,
20210506_1374.jpg,
20210506_1454.jpg,
20210506_1458.jpg,
20210506_1491.jpg,
20210506_1494.jpg,
20210506_1505.jpg,
20210506_1520.jpg,
20210506_1529.jpg,
20210506_1777.jpg,
20210506_1795.jpg,
20200506_17.jpg,
20200506_60.jpg,
20200506_134.jpg,
20200506_145.jpg,
20200506_175.jpg,
20200506_210.jpg,
20200506_373.jpg,
20200506_436.jpg,
20200506_439.jpg,
20200506_501.jpg,
20200506_528.jpg,
20200506_533.jpg,
20200506_583.jpg,
20200506_645.jpg,
20200506_651.jpg,
20200506_682.jpg,
20200506_685.jpg,
20200506_688.jpg,
20200506_710.jpg,
20200506_759.jpg,
20200506_793.jpg,
20200506_805.jpg,
20200506_844.jpg,
20200506_848.jpg,
20200506_881.jpg,
20200506_991.jpg,
20200506_1048.jpg,
20200506_1100.jpg,
20200506_1122.jpg,
20200506_1128.jpg,
20200506_1146.jpg,
20200506_1164.jpg,
20200506_1214.jpg,
20200506_1220.jpg,
20200506_1228.jpg,
20200506_1229.jpg,
20200506_1232.jpg,
20200506_1249.jpg,
20200506_1352.jpg,
20200506_1373.jpg,
20200506_1435.jpg,
20200506_1498.jpg,
20200506_1527.jpg,
20200506_1533.jpg,
20200506_1561.jpg,
20200506_1568.jpg,
20200506_1615.jpg,
20200506_1634.jpg,
20200506_1635.jpg,
20200506_1718.jpg,
20200506_1769.jpg,
